{"cameraMode":{"drawMode":0,"name":"Shaded","section":"Shading Mode"},"sceneLighting":true,"audioPlay":false,"sceneViewState":{"m_AlwaysRefresh":false,"showFog":true,"showSkybox":true,"showFlares":true,"showImageEffects":true,"showParticleSystems":true,"showVisualEffectGraphs":true,"m_FxEnabled":true},"in2DMode":false,"pivot":{"x":518.2351684570313,"y":352.0850524902344,"z":2.76837158203125},"rotation":{"x":-0.004499733913689852,"y":-0.01769227348268032,"z":0.00006696198397548869,"w":-0.9998133778572083},"size":441.8998718261719,"orthographic":false}