{"cameraMode":{"drawMode":0,"name":"Shaded","section":"Shading Mode"},"sceneLighting":true,"audioPlay":false,"sceneViewState":{"m_AlwaysRefresh":false,"showFog":true,"showSkybox":true,"showFlares":true,"showImageEffects":true,"showParticleSystems":true,"showVisualEffectGraphs":true,"m_FxEnabled":true},"in2DMode":false,"pivot":{"x":-4.76837158203125e-7,"y":0.019999980926513673,"z":7.152557373046875e-7},"rotation":{"x":-0.28373420238494875,"y":-0.6131510734558106,"z":0.25095853209495547,"w":-0.6932017207145691},"size":4.949758529663086,"orthographic":false}